PLAYER,AGENTS,# GAMES,GAMES WON,GAMES LOST,# ROUNDS,ROUNDS WON,ROUNDS LOST,ACS,K/D,KAST,ADR,KILLS,KPG,KPR,DEATHS,DPG,DPR,ASSISTS,APG,APR,FK,FKPG,FD,FDPG,HS%,PLANTS,PLANTS / GAME,DEFUSES,DEFUSES / GAME,ECON RATING
Pupper,Yoru,21,17,4,432,249,183,336.9,1.78,78.24%,217.4,514,24.48,1.19,289,13.76,0.67,129,6.14,0.30,98,4.67,58,2.76,25.81%,11,0.52,8,0.38,85.3
gonu,Jett Raze,2,2,0,39,26,13,332.0,1.76,79.49%,199.2,44,22.00,1.13,25,12.50,0.64,4,2.00,0.10,9,4.50,3,1.50,41.00%,0,0.00,0,0.00,68.5
PigeonFanGirl29,Clove Yoru Neon Vyse,19,12,7,384,202,182,319.9,1.57,77.60%,206.5,428,22.53,1.11,272,14.32,0.71,106,5.58,0.28,97,5.11,50,2.63,35.53%,3,0.16,12,0.63,79.3
Hoounter,Sova Omen Clove Astra Tejo Iso,19,13,6,416,231,185,301.8,1.77,81.25%,199.5,462,24.32,1.11,261,13.74,0.63,157,8.26,0.38,37,1.95,17,0.89,34.37%,29,1.53,13,0.68,88.6
Reality,Jett Clove,5,3,2,108,54,54,301.2,1.45,68.52%,191.5,113,22.60,1.05,78,15.60,0.72,22,4.40,0.20,20,4.00,15,3.00,23.80%,2,0.40,4,0.80,68.8
Cryic,Omen Tejo,2,0,2,48,21,27,287.5,1.63,77.08%,201.2,49,24.50,1.02,30,15.00,0.63,17,8.50,0.35,4,2.00,3,1.50,28.00%,6,3.00,1,0.50,105.5
Citrus,Jett Raze Astra Iso Yoru Brimstone Omen Viper,17,5,12,382,169,213,287.4,1.26,74.52%,185.4,371,21.82,0.97,295,17.35,0.77,112,6.59,0.29,64,3.76,38,2.38,22.31%,10,0.59,9,0.53,69.2
Beansforall,Deadlock Omen Chamber,21,13,8,420,234,186,286.3,1.48,78.33%,176.4,432,20.57,1.03,292,13.90,0.70,127,6.05,0.30,58,2.76,39,1.86,34.05%,6,0.29,18,0.86,72.9
f0glin,Yoru Breach Deadlock Omen Sova,23,16,7,494,265,229,285.5,1.65,83.60%,186.8,493,21.43,1.00,299,13.00,0.61,275,11.96,0.56,48,2.09,27,1.17,24.09%,34,1.48,23,1.00,83.9
warrenator,Tejo Raze Jett,21,13,8,420,234,186,285.3,1.49,76.19%,184.3,415,19.76,0.99,279,13.29,0.66,104,4.95,0.25,82,3.90,60,2.86,26.76%,12,0.57,15,0.71,73.5
JMB,Jett Reyna Raze Neon,7,1,6,150,68,82,281.6,1.46,73.33%,175.9,153,21.86,1.02,105,15.00,0.70,24,3.43,0.16,35,5.00,17,2.43,25.00%,2,0.29,5,0.71,70.1
Elyria,Yoru Raze Jett Reyna Phoenix,9,3,6,223,107,116,279.2,1.29,71.30%,184.0,212,23.56,0.95,164,18.22,0.74,40,4.44,0.18,48,5.33,38,4.22,29.44%,2,0.22,2,0.22,65.9
waffles32,Breach Astra Chamber Clove Yoru Brimstone Omen Iso Raze,33,21,12,688,363,325,277.2,1.24,71.37%,180.9,667,20.21,0.97,539,16.33,0.78,164,4.97,0.24,125,3.79,122,3.70,35.85%,18,0.55,8,0.24,72.8
The Boy Savior,Jett,1,0,1,18,5,13,274.0,1.21,88.89%,166.7,17,17.00,0.94,14,14.00,0.78,3,3.00,0.17,5,5.00,1,1.00,25.00%,2,2.00,0,0.00,75.0
anozzero,Omen Yoru Astra Viper Clove Iso Brimstone,24,14,10,521,278,243,273.5,1.33,74.09%,176.5,502,20.92,0.96,378,15.75,0.73,180,7.50,0.35,90,3.75,77,3.21,28.33%,25,1.04,19,0.79,68.0
Gyroscopic,Vyse Cypher,2,2,0,50,29,21,273.5,1.70,78.00%,189.0,51,25.50,1.02,30,15.00,0.60,9,4.50,0.18,5,2.50,2,1.00,25.00%,1,0.50,1,0.50,70.0
Ninzsy,Yoru Reyna,8,2,6,178,81,97,271.4,1.21,68.54%,177.9,171,21.38,0.96,141,17.63,0.79,34,4.25,0.19,33,4.13,26,3.25,24.50%,8,1.00,2,0.25,66.4
TheGreatMup,Jett Raze Yoru Iso,23,16,7,494,265,229,267.5,1.33,74.70%,168.2,462,20.09,0.94,347,15.09,0.70,92,4.00,0.19,118,5.13,76,3.30,27.35%,8,0.35,10,0.43,66.2
Sami763,Neon Killjoy Yoru Breach Tejo Chamber Vyse,18,12,6,387,211,176,265.2,1.28,75.71%,169.6,362,20.11,0.94,283,15.72,0.73,114,6.33,0.29,53,2.94,53,2.94,28.17%,8,0.44,13,0.72,63.3
Toaster,Breach Iso Jett Clove Raze Reyna Sova Tejo Neon,17,8,9,365,192,173,262.7,1.11,75.00%,165.0,318,18.71,0.87,287,16.88,0.79,109,6.41,0.30,71,4.18,57,3.35,24.63%,27,1.59,3,0.18,61.8
Asimov,Jett Iso Chamber Neon,31,19,12,642,352,290,261.3,1.22,73.52%,166.2,581,18.74,0.90,478,15.42,0.74,120,3.87,0.19,120,3.87,126,4.06,29.61%,11,0.35,15,0.48,68.5
brickcrusher73,Neon Iso KAY/O Breach Chamber,17,12,5,344,195,149,258.7,1.33,77.91%,161.2,317,18.65,0.92,239,14.06,0.69,133,7.82,0.39,48,2.82,37,2.18,26.12%,30,1.76,8,0.47,67.0
zer0,Yoru Jett Neon Iso,12,3,9,238,94,144,255.4,1.09,67.23%,170.9,209,17.42,0.88,192,16.00,0.81,45,3.75,0.19,32,2.67,30,2.50,27.08%,17,1.42,7,0.58,64.9
Buster,Cypher Omen Clove Jett,19,11,8,404,208,196,253.8,1.26,74.01%,162.5,368,19.37,0.91,293,15.42,0.73,105,5.53,0.26,60,3.16,58,3.05,29.00%,10,0.53,7,0.37,64.6
Poseidon,Clove Chamber Raze Reyna Jett Omen,21,12,9,474,244,230,253.0,1.14,69.76%,168.3,416,19.81,0.88,364,17.33,0.77,107,5.10,0.23,92,4.38,74,3.70,24.55%,13,0.62,15,0.71,67.7
Troodon18,Neon Raze Sova Viper,19,11,8,404,208,196,250.3,1.18,71.29%,166.6,340,17.89,0.84,288,15.16,0.71,86,4.53,0.21,59,3.11,41,2.16,23.79%,13,0.68,9,0.47,74.4
Goose695,Killjoy Cypher Yoru Vyse,10,5,5,211,102,109,246.6,1.15,68.25%,170.2,189,18.90,0.90,164,16.40,0.78,41,4.10,0.19,32,3.20,26,2.60,27.80%,8,0.80,4,0.40,66.1
Power,Fade Breach,5,3,2,110,61,49,246.0,1.33,79.09%,170.4,100,20.00,0.91,75,15.00,0.68,46,9.20,0.42,7,1.40,11,2.20,23.20%,13,2.60,1,0.20,62.2
genome,Breach Reyna KAY/O Tejo Gekko Iso Astra Chamber,12,2,10,267,119,148,245.4,1.29,73.03%,160.5,242,20.17,0.91,187,15.58,0.70,67,5.58,0.25,18,1.50,20,1.67,30.33%,13,1.08,7,0.58,67.1
hiimjake31,Sova Breach,14,6,8,309,136,173,242.4,1.19,69.90%,162.2,261,18.64,0.84,219,15.64,0.71,96,6.86,0.31,29,2.07,21,1.50,28.64%,8,0.57,10,0.71,68.3
freezy swrr,Omen Killjoy Astra Vyse Brimstone Cypher Deadlock Chamber,29,17,12,643,329,314,242.3,1.29,75.08%,161.5,570,19.66,0.89,441,15.21,0.69,177,6.10,0.28,79,2.72,49,1.75,28.89%,36,1.24,11,0.38,64.8
ieatcornchips,Omen,2,0,2,34,8,26,242.0,0.93,61.76%,140.7,27,13.50,0.79,29,14.50,0.85,8,4.00,0.24,5,2.50,7,3.50,21.50%,1,0.50,0,0.00,54.0
CrepePranks,Jett Raze Iso Neon Yoru,15,7,8,304,145,159,241.6,1.14,69.74%,161.0,258,17.20,0.85,226,15.07,0.74,49,3.27,0.16,57,3.80,34,2.27,34.87%,13,0.87,4,0.27,65.7
Slater,Neon Jett Clove Vyse Cypher Raze,14,2,12,310,136,174,239.6,1.05,67.74%,158.0,253,18.07,0.82,242,17.29,0.78,65,4.64,0.21,44,3.14,43,3.07,26.43%,5,0.36,6,0.43,60.4
pendding,Raze Astra Reyna Chamber Omen Skye Brimstone Neon Clove Killjoy Cypher,25,5,20,559,238,321,239.3,1.06,68.75%,160.0,463,18.52,0.83,436,17.44,0.78,125,5.00,0.22,106,4.24,84,3.36,33.61%,10,0.40,10,0.40,64.9
JustAnIntellect,Deadlock Tejo Cypher,17,9,8,354,179,175,237.9,1.13,70.34%,155.9,296,17.41,0.84,262,15.41,0.74,76,4.47,0.21,42,2.47,31,1.82,31.94%,12,0.71,8,0.47,62.4
GlueGuy,Iso Breach Raze Jett Waylay,19,16,3,390,229,161,237.9,1.11,73.33%,154.6,312,16.42,0.80,281,14.79,0.72,101,5.32,0.26,74,3.89,59,3.11,24.89%,7,0.37,7,0.37,60.1
jenk,Neon Killjoy Cypher Vyse Clove,18,12,6,377,213,164,236.6,1.12,72.62%,150.7,308,17.11,0.82,276,15.33,0.73,87,4.83,0.23,61,3.39,42,2.47,18.12%,6,0.33,10,0.56,61.3
7ungsten,Vyse Sova Brimstone Omen Jett Tejo Killjoy Astra Breach Yoru Viper Cypher Raze,34,22,12,714,395,319,235.9,1.33,75.58%,153.9,617,18.15,0.86,465,13.68,0.65,201,5.91,0.28,79,2.32,61,1.85,21.73%,65,1.91,23,0.68,64.7
Ducky,Breach Sova Neon Deadlock,10,2,8,234,106,128,235.7,1.03,71.37%,152.6,186,18.60,0.79,181,18.10,0.77,84,8.40,0.36,26,2.60,36,3.60,20.70%,8,0.80,6,0.60,58.2
Ginzburg,Sova Chamber Tejo Breach,22,15,7,454,256,198,235.7,1.25,78.19%,155.8,365,16.59,0.80,292,13.27,0.64,175,7.95,0.39,39,1.77,35,1.59,22.00%,52,2.36,14,0.64,66.8
Great,Chamber Omen Viper Cypher Vyse Brimstone,18,8,10,391,179,212,235.1,1.15,70.33%,159.8,328,18.22,0.84,285,15.83,0.73,76,4.22,0.19,48,2.67,28,1.56,29.72%,17,0.94,11,0.61,61.6
Perso,Breach KAY/O Omen Cypher Tejo Gekko Fade,26,14,12,556,288,268,234.6,1.15,78.78%,142.6,441,16.96,0.79,385,14.81,0.69,236,9.08,0.42,65,2.50,58,2.23,16.15%,67,2.58,21,0.81,57.4
Edieuniverse,Yoru Omen Neon Brimstone Raze Jett,22,15,7,454,256,198,228.7,1.09,72.25%,153.7,364,16.55,0.80,333,15.14,0.73,106,4.82,0.23,58,2.64,54,2.45,35.59%,5,0.23,8,0.36,65.1
Lolseanly,Raze Iso Jett Yoru Chamber Neon,24,11,13,503,242,261,228.3,1.02,67.59%,147.7,405,16.88,0.81,398,16.58,0.79,85,3.54,0.17,92,3.83,67,2.79,24.08%,10,0.42,8,0.33,68.8
gibbon,Cypher KAY/O Breach Sova Tejo Astra Killjoy Brimstone Viper,22,14,8,471,252,219,224.1,1.19,77.55%,149.4,367,16.68,0.78,309,14.05,0.66,167,7.59,0.35,21,0.95,17,0.81,25.67%,22,1.00,17,0.77,60.4
sqf,Omen Viper Astra Clove Harbour,11,6,5,224,111,113,223.4,1.02,71.88%,141.5,176,16.00,0.79,172,15.64,0.77,68,6.18,0.30,23,2.09,19,1.73,24.91%,5,0.45,4,0.36,54.5
rimu.mori,Yoru Fade Breach KAY/O Viper Vyse,17,8,9,365,192,173,222.3,1.07,73.56%,141.8,291,17.12,0.80,271,15.94,0.74,123,7.24,0.34,41,2.41,37,2.18,19.69%,30,1.76,14,0.82,56.9
bambuu,Killjoy Vyse Omen Viper Cypher,11,1,10,224,86,138,221.3,0.92,62.50%,142.9,165,15.00,0.74,180,16.36,0.80,46,4.18,0.21,36,3.27,36,3.27,25.91%,4,0.36,2,0.18,55.7
Jelex,Brimstone Jett Neon Omen Yoru Clove,17,5,12,382,169,213,217.1,0.88,69.81%,146.7,283,16.65,0.74,322,18.94,0.84,93,5.47,0.24,66,3.88,60,3.75,26.06%,15,0.88,4,0.24,50.8
Manatoob,Astra Sova Vyse Cypher Omen Brimstone Viper,23,16,7,494,265,229,216.0,1.08,73.89%,139.0,371,16.13,0.75,344,14.96,0.70,189,8.22,0.38,59,2.57,36,1.57,12.83%,23,1.00,14,0.61,54.7
Sm4pkin,Yoru Sova Killjoy,3,1,2,72,34,38,215.7,1.27,72.22%,135.8,62,20.67,0.86,49,16.33,0.68,15,5.00,0.21,5,1.67,5,1.67,18.67%,13,4.33,3,1.00,56.0
Reverie,Breach Cypher Sova Jett Brimstone Yoru,12,4,8,233,99,134,214.9,1.13,66.95%,142.0,186,15.50,0.80,164,13.67,0.70,63,5.25,0.27,23,1.92,31,2.58,34.50%,10,0.83,10,0.83,59.0
Parz,Reyna Sova Omen Neon Iso Vyse Raze Viper Cypher Jett,23,5,18,518,223,295,214.8,0.90,69.21%,144.3,375,16.30,0.72,418,18.17,0.81,108,4.70,0.21,63,2.74,81,3.52,25.62%,9,0.39,10,0.43,54.1
Joggo,Jett Yoru Raze,11,1,10,224,86,138,214.5,0.93,69.64%,144.6,165,15.00,0.74,178,16.18,0.79,55,5.00,0.25,32,2.91,24,2.18,15.82%,3,0.27,6,0.55,57.0
RONK,Sova Breach Fade,8,3,5,153,71,82,212.6,1.19,67.32%,136.6,120,15.00,0.78,101,12.63,0.66,40,5.00,0.26,11,1.38,4,0.50,32.63%,15,1.88,4,0.50,61.5
BryceGunz,Tejo Raze Chamber Sova,10,5,5,215,112,103,212.3,1.02,70.71%,144.6,154,15.40,0.72,151,15.10,0.70,57,5.70,0.27,21,2.10,25,2.50,28.22%,12,1.20,3,0.30,64.7
chunkie.wunkie,Tejo Raze,2,0,2,34,8,26,211.5,0.76,58.82%,139.0,22,11.00,0.65,29,14.50,0.85,5,2.50,0.15,3,1.50,6,3.00,19.50%,2,1.00,0,0.00,62.0
soopr,Sova Skye Breach Tejo Yoru Omen Viper,29,17,12,643,329,314,211.4,1.13,71.06%,139.4,481,16.59,0.75,425,14.66,0.66,168,5.79,0.26,54,1.86,55,1.96,33.14%,67,2.31,14,0.48,59.2
HVC,Brimstone Omen Clove Vyse Neon Iso Sova,17,8,9,365,192,173,211.3,1.22,79.89%,137.7,285,16.76,0.78,233,13.71,0.64,133,7.82,0.36,25,1.47,19,1.12,17.31%,49,2.88,13,0.76,62.6
strongmaniac,Tejo Raze Gekko Breach Clove KAY/O Omen Jett Sova,27,16,11,594,304,290,209.9,1.05,76.27%,136.0,439,16.26,0.74,419,15.52,0.71,203,7.52,0.34,53,1.96,50,1.92,23.31%,49,1.81,15,0.56,58.4
firebug,Omen Brimstone Astra Fade,13,8,5,250,146,104,209.6,1.15,79.60%,139.9,191,14.69,0.76,166,12.77,0.66,89,6.85,0.36,23,1.77,22,1.69,28.23%,27,2.08,3,0.23,60.8
Corel,Fade Omen Raze,5,2,3,117,59,58,208.2,1.05,71.79%,130.0,87,17.40,0.74,83,16.60,0.71,35,7.00,0.30,12,2.40,12,2.40,16.60%,9,1.80,2,0.40,47.6
kiixty,Cypher Breach Brimstone Iso Omen Harbour Astra Reyna Vyse,25,13,12,499,252,247,207.1,1.01,73.95%,135.9,360,14.40,0.72,357,14.28,0.72,169,6.76,0.34,38,1.52,32,1.28,21.88%,25,1.00,9,0.36,51.4
oqaceee,Viper Cypher Killjoy Clove Breach Raze,24,13,11,490,251,239,206.6,1.18,72.04%,142.5,373,15.54,0.76,316,13.17,0.64,99,4.13,0.20,27,1.13,32,1.33,28.25%,21,0.88,11,0.46,67.5
lennylee73,Raze Breach Yoru Tejo Sova,6,3,3,121,56,65,204.8,0.95,70.25%,133.8,84,14.00,0.69,88,14.67,0.73,37,6.17,0.31,10,1.67,6,1.00,19.50%,4,0.67,5,0.83,56.5
lfg_ruby,Jett Omen,2,0,2,56,25,31,203.5,0.77,66.07%,129.4,37,18.50,0.66,48,24.00,0.86,16,8.00,0.29,8,4.00,14,7.00,34.50%,2,1.00,0,0.00,46.5
mythic,Vyse Deadlock Skye Omen Cypher Killjoy,9,3,6,212,96,116,203.4,1.03,73.11%,133.0,154,17.11,0.73,149,16.56,0.70,41,4.56,0.19,8,0.89,9,1.00,26.33%,13,1.44,5,0.56,49.1
imvictor,Cypher Vyse Killjoy,17,5,12,382,169,213,203.3,1.11,70.91%,131.4,291,17.12,0.76,262,15.41,0.69,53,3.12,0.14,33,1.94,22,1.38,37.38%,11,0.65,9,0.53,55.1
Andwier,Tejo Yoru Iso Sova,20,4,16,441,187,254,202.8,0.98,72.41%,134.9,313,15.65,0.71,321,16.05,0.73,107,5.35,0.24,29,1.45,30,1.50,24.05%,57,2.85,12,0.60,54.8
McThiccey,Cypher Chamber,6,2,4,127,54,73,202.2,0.93,62.20%,136.7,93,15.50,0.73,100,16.67,0.79,22,3.67,0.17,12,2.00,12,2.00,33.83%,10,1.67,3,0.50,53.8
jhotheweirdtrex,Waylay Breach Omen Astra Jett Cypher Sova,23,13,10,475,242,233,199.1,1.05,73.68%,130.6,334,14.52,0.70,318,13.83,0.67,203,8.83,0.43,26,1.13,31,1.35,23.78%,43,1.87,12,0.52,51.0
Gunner,Astra Brimstone Clove Omen,13,5,8,275,119,156,199.0,0.89,64.36%,132.6,187,14.38,0.68,210,16.15,0.76,80,6.15,0.29,21,1.62,28,2.15,23.92%,53,4.08,4,0.31,51.5
HHector,Breach Tejo Sova Omen,4,0,4,87,35,52,195.3,0.82,66.67%,129.9,55,13.75,0.63,67,16.75,0.77,22,5.50,0.25,8,2.00,10,2.50,20.75%,5,1.25,1,0.25,54.0
C2d3,Breach Raze,2,0,2,38,12,26,194.5,0.90,68.42%,120.6,27,13.50,0.71,30,15.00,0.79,7,3.50,0.18,3,1.50,5,2.50,24.50%,1,0.50,1,0.50,47.0
Brownie,Tejo Sova Astra Omen Viper Yoru,11,3,8,257,115,142,194.5,0.97,72.76%,134.1,181,16.45,0.70,187,17.00,0.73,81,7.36,0.32,29,2.64,27,2.45,34.73%,26,2.36,7,0.64,52.6
BijBij,Omen,2,2,0,39,26,13,193.0,1.17,76.92%,121.3,28,14.00,0.72,24,12.00,0.62,12,6.00,0.31,1,0.50,4,2.00,21.50%,5,2.50,2,1.00,42.5
Zyphoa,Astra Breach Raze Omen Brimstone,9,4,5,192,100,92,192.9,1.07,75.00%,119.0,136,15.11,0.71,127,14.11,0.66,72,8.00,0.38,16,1.78,17,1.89,23.67%,14,1.56,6,0.67,52.8
Isaac Wang,Raze Deadlock Breach Brimstone Reyna Viper Omen Jett,21,14,7,451,241,210,192.9,1.00,72.28%,116.9,308,14.67,0.68,309,14.71,0.69,102,4.86,0.23,39,1.86,32,1.52,22.14%,17,0.81,15,0.71,52.6
zixo,Astra Yoru Omen Brimstone Viper,10,2,8,234,106,128,192.3,0.97,72.22%,122.7,164,16.40,0.70,169,16.90,0.72,103,10.30,0.44,19,1.90,14,1.40,16.00%,20,2.00,1,0.10,48.2
pisafn,Clove Raze Breach Jett,10,4,6,217,110,107,190.9,0.79,73.73%,132.4,142,14.20,0.65,179,17.90,0.82,74,7.40,0.34,14,1.40,30,3.00,17.80%,38,3.80,3,0.30,53.0
enavt,Tejo Sova Vyse Brimstone Gekko Jett Yoru,21,13,8,420,234,186,188.6,1.08,76.90%,125.5,297,14.14,0.71,274,13.05,0.65,83,3.95,0.20,32,1.52,35,1.67,26.52%,16,0.76,4,0.19,53.2
ghastlies,Fade Sova Deadlock Tejo Vyse Breach,15,2,13,335,137,198,188.1,1.03,72.57%,128.8,237,15.80,0.71,231,15.40,0.69,79,5.27,0.24,19,1.27,15,1.00,38.00%,82,5.47,6,0.40,56.9
TNTdestroyer,Raze Chamber Vyse Cypher,10,3,7,200,82,118,186.6,0.84,62.00%,128.3,132,13.20,0.66,157,15.70,0.79,41,4.10,0.21,26,2.60,26,2.60,22.50%,4,0.40,2,0.20,54.2
Wildcard,Astra Omen Brimstone,10,3,7,200,82,118,186.1,0.87,70.00%,132.4,131,13.10,0.66,150,15.00,0.75,60,6.00,0.30,13,1.30,9,0.90,27.20%,7,0.70,3,0.30,55.1
happycookie,Brimstone Omen Astra Viper,21,17,4,432,249,183,185.6,1.03,74.54%,122.6,298,14.19,0.69,288,13.71,0.67,169,8.05,0.39,13,0.62,19,0.90,27.14%,74,3.52,5,0.24,52.7
Nimbot,Gekko Clove Astra Yoru KAY/O Breach Viper,18,13,5,395,219,176,183.7,1.10,72.41%,124.6,270,15.00,0.68,245,13.61,0.62,147,8.17,0.37,22,1.22,31,1.72,28.61%,33,1.83,19,1.06,56.7
CowRush11,Phoenix Neon Omen,5,1,4,116,50,66,182.0,0.84,67.24%,116.5,73,14.60,0.63,87,17.40,0.75,32,6.40,0.28,12,2.40,7,1.40,27.80%,8,1.60,3,0.60,46.4
Liaahh,Cypher Viper Vyse,22,15,7,454,256,198,179.0,0.99,70.26%,117.4,286,13.00,0.63,289,13.14,0.64,100,4.55,0.22,44,2.00,44,2.00,30.00%,7,0.32,8,0.36,51.1
abbabear,Astra Omen Cypher,3,0,3,59,20,39,177.3,0.88,66.10%,126.8,37,12.33,0.63,42,14.00,0.71,13,4.33,0.22,5,1.67,6,2.00,41.33%,6,2.00,2,0.67,50.3
Reizu,Astra Brimstone Clove Omen,11,1,10,224,86,138,176.5,0.76,66.07%,113.3,136,12.36,0.61,179,16.27,0.80,71,6.45,0.32,16,1.45,19,1.73,24.64%,6,0.55,3,0.27,46.3
Enenra,Fade Tejo Sova,16,10,6,341,178,163,173.7,1.01,73.61%,114.0,212,13.25,0.62,210,13.13,0.62,90,5.63,0.26,13,0.81,16,1.00,23.19%,87,5.44,13,0.81,58.0
GwonkLe,Breach Killjoy Astra Raze Jett Vyse Neon,14,3,11,311,133,178,172.7,0.82,64.06%,116.8,196,14.00,0.63,240,17.14,0.77,64,4.57,0.21,19,1.36,26,2.00,40.38%,6,0.43,6,0.43,49.2
shef,Breach Yoru Deadlock Sova,16,6,10,329,143,186,172.4,0.77,62.92%,113.1,198,12.38,0.60,258,16.13,0.78,99,6.19,0.30,26,1.63,35,2.19,29.19%,40,2.50,10,0.63,44.2
proxi.mity,Killjoy Omen Brimstone Cypher Astra,21,13,8,420,234,186,171.0,0.85,72.86%,109.5,257,12.24,0.61,304,14.48,0.72,121,5.76,0.29,29,1.38,56,2.67,18.19%,8,0.38,8,0.38,45.9
Redseaninja,Tejo Fade Sova,22,14,8,447,255,192,170.1,0.88,76.29%,118.8,262,11.91,0.59,299,13.59,0.67,134,6.09,0.30,28,1.27,28,1.27,19.68%,49,2.23,16,0.73,54.4
Cleover,Omen Cypher,2,0,2,71,33,38,170.0,0.90,66.20%,125.2,45,22.50,0.63,50,25.00,0.70,18,9.00,0.25,1,0.50,1,0.50,24.00%,5,2.50,2,1.00,54.0
tmidfire,Iso Reyna Omen Raze Jett,24,14,10,521,278,243,166.3,0.77,68.52%,112.9,299,12.46,0.57,390,16.25,0.75,100,4.17,0.19,58,2.42,77,3.21,26.25%,11,0.46,13,0.54,44.8
Robott,Brimstone Viper Omen Cypher Astra,15,10,5,309,170,139,165.6,0.83,69.58%,108.2,181,12.07,0.59,219,14.60,0.71,101,6.73,0.33,27,1.80,27,1.80,33.87%,10,0.67,5,0.33,44.1
Jokersause,Breach,3,1,2,57,26,31,164.3,0.87,85.96%,107.1,34,11.33,0.60,39,13.00,0.68,22,7.33,0.39,1,0.33,2,0.67,21.67%,17,5.67,2,0.67,46.7
FlyGuy,Tejo,15,10,5,311,170,141,163.9,0.87,72.67%,110.5,178,11.87,0.57,204,13.60,0.66,77,5.13,0.25,22,1.47,25,1.67,16.40%,66,4.40,6,0.40,48.9
kamui,Killjoy Vyse Cypher Neon Breach,12,3,9,238,94,144,162.3,0.71,63.45%,110.3,132,11.00,0.55,187,15.58,0.79,44,3.67,0.18,13,1.08,34,2.83,19.50%,4,0.33,6,0.50,47.8
Ananjakt,Tejo Sova,11,1,10,224,86,138,161.6,0.74,61.61%,113.8,124,11.27,0.55,167,15.18,0.75,47,4.27,0.21,8,0.73,12,1.09,25.91%,15,1.36,2,0.18,53.4
NewMatics,Breach Skye Sova Deadlock,21,13,8,464,252,212,161.3,0.78,70.69%,108.8,257,12.24,0.55,331,15.76,0.71,165,7.86,0.36,32,1.52,45,2.14,21.95%,70,3.33,13,0.62,44.6
Emman,Clove Iso Omen Killjoy Cypher Yoru Neon Vyse,20,11,9,412,206,206,158.7,0.74,63.35%,105.4,233,11.65,0.57,314,15.70,0.76,99,4.95,0.24,36,1.80,62,3.10,21.25%,18,0.90,6,0.30,44.1
Frosted,Sova Tejo,21,17,4,432,249,183,158.5,0.95,76.62%,104.8,254,12.10,0.59,267,12.71,0.62,106,5.05,0.25,20,0.95,17,0.81,25.90%,74,3.52,11,0.52,53.7
araam,Viper Sova,2,0,2,34,8,26,157.0,0.67,52.94%,103.6,18,9.00,0.53,27,13.50,0.79,5,2.50,0.15,1,0.50,1,0.50,35.00%,2,1.00,0,0.00,41.0
K3tChuP,KAY/O Vyse Tejo,23,16,7,494,265,229,155.2,0.81,71.05%,103.3,273,11.87,0.55,335,14.57,0.68,129,5.61,0.26,30,1.30,36,1.57,18.57%,89,3.87,11,0.48,48.8
candu,Fade Omen Gekko KAY/O Sova Tejo,20,11,9,388,196,192,154.5,0.79,70.36%,103.7,213,10.65,0.55,270,13.50,0.70,93,4.65,0.24,26,1.30,29,1.45,27.55%,79,3.95,7,0.35,48.3
SeekingSlayer,Cypher Vyse KAY/O Killjoy,24,14,10,521,278,243,153.9,0.76,66.99%,98.6,272,11.33,0.52,359,14.96,0.69,112,4.67,0.21,34,1.42,38,1.58,13.54%,19,0.79,13,0.54,42.6
Dirrin,KAY/O Breach Gekko,11,1,10,224,86,138,153.7,0.66,63.84%,100.8,120,10.91,0.54,181,16.45,0.81,70,6.36,0.31,16,1.45,25,2.27,22.09%,46,4.18,5,0.45,41.2
Stormz,Breach Sova Fade Tejo,17,5,12,382,169,213,152.8,0.76,68.14%,100.9,209,12.29,0.55,276,16.24,0.72,92,5.41,0.24,19,1.12,16,1.00,23.63%,68,4.00,9,0.53,38.9
Aero,Tejo Chamber KAY/O Breach Sova Skye Omen,14,6,8,278,131,147,152.4,0.67,66.19%,97.1,135,9.64,0.49,201,14.36,0.72,136,9.71,0.49,14,1.00,31,2.21,16.36%,32,2.29,5,0.36,40.8
Khionoma,Clove Yoru Jett Neon Raze,23,9,14,484,216,268,151.3,0.65,63.02%,101.1,263,11.43,0.54,404,17.57,0.83,76,3.30,0.16,61,2.65,103,4.48,29.70%,8,0.35,4,0.17,38.4
Milena,Jett,4,1,3,96,42,54,151.3,0.65,63.54%,98.8,53,13.25,0.55,82,20.50,0.85,11,2.75,0.11,7,1.75,16,4.00,33.00%,0,0.00,1,0.25,37.0
Rylan,Breach,1,0,1,24,11,13,150.0,1.08,66.67%,89.4,14,14.00,0.58,13,13.00,0.54,8,8.00,0.33,1,1.00,1,1.00,25.00%,5,5.00,0,0.00,42.0
Red/firebug,Sova,1,1,0,30,16,14,148.0,0.81,N/A,N/A,17,17.00,0.57,21,21.00,0.70,5,5.00,0.17,3,3.00,0,0.00,0.00%,6,6.00,0,0.00,38.0
lamchop365,Skye Brimstone Vyse Sova Tejo Breach Fade,12,2,10,266,118,148,147.3,0.64,65.79%,95.1,128,10.67,0.48,201,16.75,0.76,68,5.67,0.26,20,1.67,16,1.33,31.83%,40,3.33,7,0.58,40.2
Nom,Omen Cypher,2,2,0,40,26,14,147.0,0.60,73.91%,105.7,18,9.00,0.45,30,15.00,0.75,16,8.00,0.40,2,1.00,3,1.50,22.00%,3,1.50,0,0.00,37.0
Sentra,Cypher Vyse,2,0,2,56,25,31,146.5,0.74,67.86%,100.8,29,14.50,0.52,39,19.50,0.70,7,3.50,0.13,1,0.50,4,2.00,19.00%,3,1.50,1,0.50,38.5
riley,Viper Omen Astra,25,5,20,559,238,321,146.1,0.73,63.67%,101.9,287,11.48,0.51,394,15.76,0.70,147,5.88,0.26,27,1.08,38,1.52,14.61%,19,0.76,13,0.52,47.5
yrm,Brimstone Astra Omen,3,2,1,65,38,27,144.7,0.88,75.38%,87.7,36,12.00,0.55,41,13.67,0.63,30,10.00,0.46,3,1.00,2,0.67,21.00%,13,4.33,3,1.00,41.3
Avril,Jett,2,0,2,37,11,26,143.5,0.65,64.86%,103.3,20,10.00,0.54,31,15.50,0.84,7,3.50,0.19,3,1.50,3,1.50,22.00%,0,0.00,0,0.00,34.0
osf,Fade Omen Jett,5,1,4,110,47,63,142.8,0.71,60.00%,100.3,61,12.20,0.55,86,17.20,0.78,29,5.80,0.26,4,0.80,15,3.00,26.20%,7,1.40,1,0.20,42.6
Sky_Coin,Viper Tejo Skye,14,6,8,309,136,173,141.8,0.64,63.43%,96.7,152,10.86,0.49,236,16.86,0.76,65,4.64,0.21,13,0.93,20,1.43,31.36%,14,1.00,3,0.21,36.5
strictlyWorse,Cypher Killjoy Vyse,10,2,8,212,89,123,141.4,0.71,60.85%,94.9,101,10.10,0.48,143,14.30,0.67,39,3.90,0.18,12,1.20,15,1.50,18.70%,2,0.20,5,0.50,44.3
reahibye,Clove Omen,7,3,4,149,73,76,140.9,0.65,66.44%,92.0,75,10.71,0.50,115,16.43,0.77,36,5.14,0.24,7,1.00,14,2.00,22.43%,9,1.29,1,0.14,37.3
Titan,Sova Tejo Fade,12,3,9,238,94,144,136.6,0.62,61.76%,92.6,114,9.50,0.48,183,15.25,0.77,60,5.00,0.25,9,0.75,30,2.50,20.25%,42,3.50,4,0.33,39.2
smiy,Cypher Vyse Sova Viper Neon Omen Tejo,31,21,10,643,344,299,135.7,0.71,68.27%,88.9,307,9.90,0.48,430,13.87,0.67,188,6.06,0.29,25,0.81,40,1.29,18.10%,39,1.26,12,0.39,39.4
Guilty Crown,Tejo Sova Breach Viper Vyse,21,13,8,420,234,186,135.4,0.75,73.57%,87.9,192,9.14,0.46,256,12.19,0.61,162,7.71,0.39,10,0.48,21,1.00,16.05%,122,5.81,7,0.33,41.6
General,Gekko Tejo Neon Breach KAY/O Fade Killjoy Cypher Chamber Vyse,15,6,9,342,164,178,134.5,0.60,66.08%,81.2,150,10.00,0.44,250,16.67,0.73,86,5.73,0.25,19,1.27,45,3.00,16.00%,30,2.00,8,0.53,32.7
popsmackle,Brimstone Viper Omen Cypher,10,8,2,210,120,90,134.2,0.71,68.10%,84.7,102,10.20,0.49,144,14.40,0.69,69,6.90,0.33,6,0.60,20,2.00,21.90%,12,1.20,5,0.50,39.7
greengecko151,Viper Vyse Killjoy Sova Cypher Brimstone,31,17,14,680,340,340,134.1,0.67,65.71%,89.8,315,10.16,0.46,468,15.10,0.69,134,4.32,0.20,29,0.94,66,2.20,17.63%,25,0.81,11,0.35,40.6
Turbo,Cypher Killjoy Chamber Vyse,21,17,4,432,249,183,133.9,0.76,68.75%,91.0,207,9.86,0.48,273,13.00,0.63,105,5.00,0.24,24,1.14,45,2.14,18.00%,8,0.38,5,0.24,40.0
free2create,Omen KAY/O Tejo Viper Breach Astra,17,5,12,382,169,213,132.7,0.60,63.43%,89.9,176,10.35,0.46,292,17.18,0.76,96,5.65,0.25,21,1.24,35,2.19,25.13%,31,1.82,7,0.41,36.8
Serast,Breach Sova Tejo,4,3,1,87,50,37,132.5,0.81,67.82%,87.9,43,10.75,0.49,53,13.25,0.61,22,5.50,0.25,4,1.00,4,1.00,17.00%,11,2.75,5,1.25,42.5
Chickemz,Cypher Killjoy Reyna Vyse,5,2,3,94,41,53,131.0,0.64,59.57%,87.2,46,9.20,0.49,72,14.40,0.77,9,1.80,0.10,3,0.60,3,0.60,36.60%,6,1.20,1,0.20,34.6
Agentsixshooter,Vyse Deadlock Killjoy Omen Cypher,15,6,9,325,166,159,130.7,0.64,64.31%,88.0,150,10.00,0.46,233,15.53,0.72,61,4.07,0.19,10,0.67,33,2.20,14.40%,8,0.53,9,0.60,39.4
carter,Omen Clove Sova Astra Breach KAY/O Brimstone,12,8,4,267,140,127,130.2,0.56,73.84%,88.5,109,9.08,0.41,193,16.08,0.72,128,10.67,0.48,6,0.50,9,0.82,11.18%,37,3.08,6,0.50,43.8
Charon,Cypher,2,1,1,40,19,21,129.0,0.65,65.00%,83.7,20,10.00,0.50,31,15.50,0.78,1,0.50,0.03,1,0.50,4,2.00,24.00%,1,0.50,0,0.00,36.5
NegativeIQ,Neon,1,0,1,26,12,14,129.0,0.53,57.69%,90.5,10,10.00,0.38,19,19.00,0.73,8,8.00,0.31,2,2.00,2,2.00,30.00%,2,2.00,0,0.00,53.0
PrancerMane,Brimstone Cypher Killjoy Omen Vyse Clove,11,1,10,244,107,137,127.1,0.53,65.16%,87.5,101,9.18,0.41,192,17.45,0.79,75,6.82,0.31,13,1.18,28,2.55,24.64%,11,1.00,3,0.27,35.5
229fn,Gekko Tejo,3,2,1,60,30,30,125.3,0.59,65.00%,92.9,26,8.67,0.43,44,14.67,0.73,11,3.67,0.18,4,1.33,5,1.67,21.67%,5,1.67,0,0.00,52.3
Quehome,Tejo Gekko Fade,10,2,8,234,106,128,123.3,0.54,64.53%,84.9,96,9.60,0.41,178,17.80,0.76,66,6.60,0.28,9,0.90,25,2.50,19.60%,41,4.10,12,1.20,33.6
Roxas,Sova Breach,3,2,1,60,30,30,119.0,0.60,68.33%,83.6,24,8.00,0.40,40,13.33,0.67,22,7.33,0.37,1,0.33,4,1.33,18.00%,6,2.00,3,1.00,46.3
itsjustdragon,Tejo Cypher Omen Astra,15,7,8,304,145,159,118.1,0.57,64.14%,80.4,118,7.87,0.39,207,13.80,0.68,75,5.00,0.25,11,0.73,13,0.87,14.67%,30,2.00,4,0.27,35.9
whiskey,Omen Astra Breach,3,2,1,59,28,31,115.3,0.52,66.10%,82.2,22,7.33,0.37,42,14.00,0.71,26,8.67,0.44,1,0.33,3,1.00,20.33%,6,2.00,0,0.00,34.7
SLAY3R,Sova Fade,2,0,2,45,19,26,114.5,0.41,62.22%,83.9,15,7.50,0.33,37,18.50,0.82,14,7.00,0.31,2,1.00,2,1.00,15.00%,7,3.50,3,1.50,33.5
rxrsrsx,Skye Omen,3,1,2,66,31,35,112.7,0.50,60.61%,78.6,25,8.33,0.38,50,16.67,0.76,28,9.33,0.42,3,1.00,10,3.33,34.33%,3,1.00,2,0.67,30.3
Hainssey,Vyse Fade Cypher,8,4,4,171,86,85,108.9,0.54,61.40%,78.0,64,8.00,0.37,119,14.88,0.70,34,4.25,0.20,6,0.75,8,1.00,13.00%,26,3.25,3,0.38,33.0
Teklologik,Breach KAY/O Gekko,19,11,8,404,208,196,108.8,0.55,69.31%,70.3,151,7.95,0.37,275,14.47,0.68,154,8.11,0.38,13,0.68,32,1.68,19.26%,67,3.53,5,0.26,31.8
Anti301,Killjoy Vyse,7,4,3,159,77,82,105.1,0.54,59.12%,69.4,60,8.57,0.38,111,15.86,0.70,16,2.29,0.10,7,1.00,8,1.14,16.14%,4,0.57,0,0.00,33.0
richie0887,Yoru Gekko,2,0,2,34,8,26,104.0,0.43,44.12%,68.4,12,6.00,0.35,28,14.00,0.82,1,0.50,0.03,2,1.00,4,2.00,50.00%,4,2.00,0,0.00,31.0
Warriormonkies,Omen,1,0,1,22,9,13,89.0,0.31,72.73%,71.7,5,5.00,0.23,16,16.00,0.73,14,14.00,0.64,0,0.00,1,1.00,24.00%,0,0.00,0,0.00,29.0
Blazer,Breach,1,0,1,16,3,13,87.0,0.31,56.25%,60.8,4,4.00,0.25,13,13.00,0.81,5,5.00,0.31,0,0.00,0,0.00,20.00%,2,2.00,1,1.00,28.0
BafiaBoi,Breach KAY/O,2,1,1,48,24,24,81.5,0.31,58.33%,59.2,11,5.50,0.23,35,17.50,0.73,19,9.50,0.40,3,1.50,9,4.50,17.00%,2,1.00,0,0.00,23.0